25,MD-ICONAC,,1st Time in History of NCR
LuckyDraw of Rs100cr disc@180 Villas"CONAC"
NewLaunch in Noida
3sideOpn Wd GreenPark
Opp Sec79Mtro
Ltd inventory
Ph 9250002253,,2016-10-13 07:36:17+00
25,MD-ICONAC,,1st Time in History of NCR
LuckyDraw of Rs100cr disc@180 Villas"CONAC"
NewLaunch in Noida
3sideOpn Wd GreenPark
Opp Sec79Mtro
Ltd inventory
Ph 9250002253,,2016-10-15 05:37:48+00
25,MD-ICONAC,,1st Time in History of NCR
LuckyDraw of Rs100cr disc@180 Villas"CONAC"
NewLaunch in Noida
3sideOpn Wd GreenPark
Opp Sec79Mtro
Ltd inventory
Ph 9250002253,,2016-10-15 05:09:49+00
